1,nSqu0ipGP05,FEahk7kNgqr7AKvT,4,mWnyiP0DTFc
2,AWvt4ualwMni7t3a,w82DZPI7rYqD5vI,6,hdNzgxBJoqqawtiSbe
3,9x6DVhUmOs,htNu0arvKj8py4XS,7,l9qY4F4J5mv
4,zXP4VZ6khDm34f6,mIu7M7OTubPfdAWr7G,8,fXsjzi4PcRO
5,XJSPjMdvQjkOy4oCuU6,nd2DZxxgwkOupdgGh,6,3vbolq629cI
6,vz5YxsGHjJ4KTmyh,UDRYdtNWnM,6,xUAAnzP3TNFdeuzT
7,ZvW4gn3ACLQXsCGS5P38,WW9aYxAcYJqZP9V,5,xu7fw3kFRRKA9x
8,XqdivHjo7CvGWCcQ9Bxf,7B01vILPHEtLNUaa2w4,10,1wRr9hMjPKl9Pc4IL8
9,O2lJ62QE9iABE,3CBZmOzUwBxvdxT,3,5LQGE8lkg2qpBYr1
10,U8vpFcbH2V75Pi9FSNxT,VHydp4TbzFI0El9XTiED,1,mGPxOmY8j3fQBln
11,rbwZwU1BmnzIQWzV,jev1ohRc47z3U7OG,4,vw5pidKcSHv8WXUKG
12,AHqICZx7RKb,MUYHjm4WYCA7OqztVaI,8,C2ydXF8JqJMtbT4m
13,it3E1uO28JW9lj,D2VXWZJ2PQdIdlEKDEGk,9,ubI3om9LDtS5HDp
14,DCb29rl8Tl,jLsl7yp4Xa1FcJxWgXN,9,rnMlt7yRf4Dwp
15,4nyAij4qjqX3ZZR,ut7KORbLsXDpNv,8,K714p89vJHcymq6P1
16,vKHa351HA4Ytysi9,UMvAnevypkraTZB1mBf4,6,PXYGS0FPv0
17,Xtv47hpz1sCXttF,h8n8PpgHw64pj,4,rLWgyOvRYyByNwH
18,6rXi6KCHz1,ZYd1TmArgOs3F3rA2,4,RI6sqcaqJfKJ9
19,B58zJxy0dsffk8Gw,XKiodkSirCLCl,4,Sg7yRbWbpTy6Pu4NyVKA
20,61Prz6dEHv,HlTRUDINEpgdK,4,HdTSBXW1vAhROwqUL
21,hrEx4lR0bn4x69OPc8K,BcuRyO9JF5,10,zMAstoWhvqh6
22,ExVp4NXSznCBEGwI,8upUEI0TKRJBgrKwGmRN,3,YIr7uRo9vydX8gX52N
23,pMu0lcdUH0H5bV5s,mXjdBSzGIqXjPDxYWvb,4,RcUuCwAtDmOx
24,rF0DCvVDovbNrnknefw,ztJlYZRyO1Cqg,2,1znzdykn3bCGED1Va
25,6CHIvjk1Ekoy3TsPU,sHWpLcoKZk5x2XZnBoL,4,CfPuFWJC1RZAIqh6
26,BlcGlGg35AgN,yYsdrLFIbHe,5,9mCA1n3FpD1Ww
27,9S4AyMxts84,QJqmr7BMky5NDqYkKS,7,sgv5ts9uswNy
28,r3PQDE1YQI,G4lgsQ5NetwFm9Eyu,5,BkqjTNqCYWdA
29,1OAzt9k42GE16S,NQCVxIGQPf,6,srKZy9yoNLZkIjHYQ16
30,dEcyhxZK8C,xZTVqxxo5QOU5cRGP,6,oisBevribm2dJsM
31,pI193oNkSW1a62,D8RyMGs7nBW4CHmExwrP,2,CeRg8dsU5G2zgZd0v
32,E4GhZ15oCrqBnotzW,CTJ5Fi7GwJ,1,0UYzhILgGQVI
33,JcaRNRVgPRM,jsDErG2DiO1,8,bjSsVQg8AURN5klcgIs
34,QToDre3uX6daar8y,KVITwBUeKGsS,7,kAdVUQHmxGYQVRJM
35,YLgEjJyK43n,po33ruzPDq9Sd0gWm1vY,10,i2lbqvpYPlGSIjRcUX
36,7gL08MwiBI,T8TwejPHmyv0PphIFd,7,AOvWxZ8Wep
37,rEduT3Vd7ZmB3wbieIT,0SFcZ1R9wxDgt,2,lzzVfyo64zM
38,VCXrWUbBjAV4JSm0,DcT9Xr23lcuG,4,Pi13G7X4d9lTQ9Pfk
39,FyzgF666WTui6kpOmhGx,yoIy2hnzvpr,6,C0Zbqa7XIwjNTM
40,vaskFq70yqXlXh,lEkmZMg8iFw,1,LJhpNkYYD5fG9Zs7kmkR
41,HMSdAJneJfwD,kiZMNrhIMBalnLFXAIaY,3,rLPud13ZsdeV
42,KAWEicnKF2oxLVYJpK,V0XC1wKYCuM7,1,nii05xgOJwtXYMFMS
43,GPhiYN9V4M9mnkG,C5awQyrhsQX,8,O40s8g80jT
44,xoz6ozISznuk,55jepUCxNxG,7,QRpQFGvwby57l
45,z6pInkkPXpNNOR,CQItafbkOfHD0,4,oxqaWMYgEp4
46,iIm6DXsk9d0VvD8H,4ZZiB4IGjoUnEh5Vuu,7,FSStOX675d2jLJSK7
47,SPNAhRqcGFa,w1MX9o3qGdn,9,Z1fxLauGlFUP
48,R8e4fWrLY4Bp,MGQX9u48uUUvcKoC9,4,dHzp76CzdSKri
49,jPwLLBrOyftRJUB0,OhSALwPluA0YO7YIOE1,2,cRSbKImfRBu2TilmeAh
50,VjL4MgHFRAWRQjU,fBKUePTLwX6iVWbALzN,2,9Kf0h0jsZpN
